iter	Logloss
0	0.4726626386
1	0.4585791964
